StartTime,TracePath,RunID,StepID,EstimatedCost,CompletionStatus,ProjectID
2026-04-07T11:53:47Z,ResearchAgent-Chain,RUN-400000,STEP-300000,0.0053,SUCCESS,LC-DEFAULT
2026-04-07T12:52:11Z,ResearchAgent-Chain,RUN-400001,STEP-300001,0.0148,SUCCESS,LC-DEFAULT
2026-04-07T10:51:55Z,ResearchAgent-Chain,RUN-400002,STEP-300002,0.0169,SUCCESS,LC-DEFAULT
2026-04-07T19:29:30Z,ResearchAgent-Chain,RUN-400003,STEP-300003,0.0025,SUCCESS,LC-DEFAULT
2026-04-07T12:23:56Z,ResearchAgent-Chain,RUN-400004,STEP-300004,0.0178,SUCCESS,LC-DEFAULT
2026-04-07T15:44:16Z,ResearchAgent-Chain,RUN-400005,STEP-300005,0.0162,SUCCESS,LC-DEFAULT
2026-04-07T18:30:13Z,ResearchAgent-Chain,RUN-400006,STEP-300006,0.0175,SUCCESS,LC-DEFAULT
2026-04-07T18:24:21Z,ResearchAgent-Chain,RUN-400007,STEP-300007,0.0143,SUCCESS,LC-DEFAULT
2026-04-07T14:15:38Z,ResearchAgent-Chain,RUN-400008,STEP-300008,0.0138,SUCCESS,LC-DEFAULT
2026-04-07T14:42:54Z,ResearchAgent-Chain,RUN-400009,STEP-300009,0.011,SUCCESS,LC-DEFAULT
2026-04-07T20:56:11Z,ResearchAgent-Chain,RUN-400010,STEP-300010,0.0134,SUCCESS,LC-DEFAULT
2026-04-07T17:05:42Z,ResearchAgent-Chain,RUN-400011,STEP-300011,0.0185,SUCCESS,LC-DEFAULT
2026-04-07T18:46:32Z,ResearchAgent-Chain,RUN-400012,STEP-300012,0.0029,SUCCESS,LC-DEFAULT
2026-04-07T19:49:50Z,ResearchAgent-Chain,RUN-400013,STEP-300013,0.007,SUCCESS,LC-DEFAULT
2026-04-07T18:27:03Z,ResearchAgent-Chain,RUN-400014,STEP-300014,0.0024,SUCCESS,LC-DEFAULT
2026-04-07T11:13:19Z,ResearchAgent-Chain,RUN-400015,STEP-300015,0.019,SUCCESS,LC-DEFAULT
2026-04-07T15:44:45Z,ResearchAgent-Chain,RUN-400016,STEP-300016,0.0095,SUCCESS,LC-DEFAULT
2026-04-07T10:13:21Z,ResearchAgent-Chain,RUN-400017,STEP-300017,0.0138,SUCCESS,LC-DEFAULT
2026-04-07T16:50:06Z,ResearchAgent-Chain,RUN-400018,STEP-300018,0.017,SUCCESS,LC-DEFAULT
2026-04-07T20:27:51Z,ResearchAgent-Chain,RUN-400019,STEP-300019,0.0198,SUCCESS,LC-DEFAULT
2026-04-07T15:09:10Z,ResearchAgent-Chain,RUN-400020,STEP-300020,0.0041,SUCCESS,LC-DEFAULT
2026-04-07T14:11:44Z,ResearchAgent-Chain,RUN-400021,STEP-300021,0.0162,SUCCESS,LC-DEFAULT
2026-04-07T09:25:48Z,ResearchAgent-Chain,RUN-400022,STEP-300022,0.0179,SUCCESS,LC-DEFAULT
2026-04-07T20:31:02Z,ResearchAgent-Chain,RUN-400023,STEP-300023,0.0019,SUCCESS,LC-DEFAULT
2026-04-07T10:14:09Z,ResearchAgent-Chain,RUN-400024,STEP-300024,0.0153,SUCCESS,LC-DEFAULT
2026-04-07T09:29:34Z,ResearchAgent-Chain,RUN-400025,STEP-300025,0.0077,SUCCESS,LC-DEFAULT
2026-04-07T11:57:10Z,ResearchAgent-Chain,RUN-400026,STEP-300026,0.0133,SUCCESS,LC-DEFAULT
2026-04-07T09:47:10Z,ResearchAgent-Chain,RUN-400027,STEP-300027,0.0108,SUCCESS,LC-DEFAULT
2026-04-07T14:27:41Z,ResearchAgent-Chain,RUN-400028,STEP-300028,0.0059,SUCCESS,LC-DEFAULT
2026-04-07T15:11:34Z,ResearchAgent-Chain,RUN-400029,STEP-300029,0.0036,SUCCESS,LC-DEFAULT
2026-04-07T12:45:03Z,ResearchAgent-Chain,RUN-400030,STEP-300030,0.0032,SUCCESS,LC-DEFAULT
2026-04-07T09:36:41Z,ResearchAgent-Chain,RUN-400031,STEP-300031,0.003,SUCCESS,LC-DEFAULT
2026-04-07T10:20:21Z,ResearchAgent-Chain,RUN-400032,STEP-300032,0.0131,SUCCESS,LC-DEFAULT
2026-04-07T13:36:50Z,ResearchAgent-Chain,RUN-400033,STEP-300033,0.0077,SUCCESS,LC-DEFAULT
2026-04-07T09:43:34Z,ResearchAgent-Chain,RUN-400034,STEP-300034,0.0051,SUCCESS,LC-DEFAULT
2026-04-07T17:22:41Z,ResearchAgent-Chain,RUN-400035,STEP-300035,0.0141,SUCCESS,LC-DEFAULT
2026-04-07T11:29:03Z,ResearchAgent-Chain,RUN-400036,STEP-300036,0.0141,SUCCESS,LC-DEFAULT
2026-04-07T12:37:29Z,ResearchAgent-Chain,RUN-400037,STEP-300037,0.0112,SUCCESS,LC-DEFAULT
2026-04-07T13:43:46Z,ResearchAgent-Chain,RUN-400038,STEP-300038,0.0188,SUCCESS,LC-DEFAULT
2026-04-07T13:59:57Z,ResearchAgent-Chain,RUN-400039,STEP-300039,0.0083,SUCCESS,LC-DEFAULT
2026-04-07T09:01:11Z,ResearchAgent-Chain,RUN-400040,STEP-300040,0.0169,SUCCESS,LC-DEFAULT
2026-04-07T10:20:41Z,ResearchAgent-Chain,RUN-400041,STEP-300041,0.0024,SUCCESS,LC-DEFAULT
2026-04-07T19:21:11Z,ResearchAgent-Chain,RUN-400042,STEP-300042,0.0151,SUCCESS,LC-DEFAULT
2026-04-07T09:00:53Z,ResearchAgent-Chain,RUN-400043,STEP-300043,0.0198,SUCCESS,LC-DEFAULT
2026-04-07T15:05:52Z,ResearchAgent-Chain,RUN-400044,STEP-300044,0.0171,SUCCESS,LC-DEFAULT
2026-04-07T14:52:26Z,ResearchAgent-Chain,RUN-400045,STEP-300045,0.012,SUCCESS,LC-DEFAULT
2026-04-07T12:59:49Z,ResearchAgent-Chain,RUN-400046,STEP-300046,0.0129,SUCCESS,LC-DEFAULT
2026-04-07T14:10:33Z,ResearchAgent-Chain,RUN-400047,STEP-300047,0.0077,SUCCESS,LC-DEFAULT
2026-04-07T18:22:01Z,ResearchAgent-Chain,RUN-400048,STEP-300048,0.0139,SUCCESS,LC-DEFAULT
2026-04-07T19:05:40Z,ResearchAgent-Chain,RUN-400049,STEP-300049,0.0156,SUCCESS,LC-DEFAULT
2026-04-07T12:07:27Z,ResearchAgent-Chain,RUN-400050,STEP-300050,0.02,SUCCESS,LC-DEFAULT
2026-04-07T12:52:11Z,ResearchAgent-Chain,RUN-400051,STEP-300051,0.0104,SUCCESS,LC-DEFAULT
2026-04-07T11:54:35Z,ResearchAgent-Chain,RUN-400052,STEP-300052,0.0022,SUCCESS,LC-DEFAULT
2026-04-07T14:45:30Z,ResearchAgent-Chain,RUN-400053,STEP-300053,0.0123,SUCCESS,LC-DEFAULT
2026-04-07T17:11:56Z,ResearchAgent-Chain,RUN-400054,STEP-300054,0.0033,SUCCESS,LC-DEFAULT
2026-04-07T11:44:20Z,ResearchAgent-Chain,RUN-400055,STEP-300055,0.0057,SUCCESS,LC-DEFAULT
2026-04-07T12:58:07Z,ResearchAgent-Chain,RUN-400056,STEP-300056,0.0072,SUCCESS,LC-DEFAULT
2026-04-07T20:09:52Z,ResearchAgent-Chain,RUN-400057,STEP-300057,0.0149,SUCCESS,LC-DEFAULT
2026-04-07T09:34:58Z,ResearchAgent-Chain,RUN-400058,STEP-300058,0.0045,SUCCESS,LC-DEFAULT
2026-04-07T14:31:45Z,ResearchAgent-Chain,RUN-400059,STEP-300059,0.0041,SUCCESS,LC-DEFAULT
2026-04-07T17:32:19Z,ResearchAgent-Chain,RUN-400060,STEP-300060,0.0019,SUCCESS,LC-DEFAULT
2026-04-07T10:48:19Z,ResearchAgent-Chain,RUN-400061,STEP-300061,0.0176,SUCCESS,LC-DEFAULT
2026-04-07T09:34:06Z,ResearchAgent-Chain,RUN-400062,STEP-300062,0.0142,SUCCESS,LC-DEFAULT
2026-04-07T10:39:30Z,ResearchAgent-Chain,RUN-400063,STEP-300063,0.0018,SUCCESS,LC-DEFAULT
2026-04-07T20:01:33Z,ResearchAgent-Chain,RUN-400064,STEP-300064,0.0015,SUCCESS,LC-DEFAULT
2026-04-07T09:06:40Z,ResearchAgent-Chain,RUN-400065,STEP-300065,0.0116,SUCCESS,LC-DEFAULT
2026-04-07T11:15:35Z,ResearchAgent-Chain,RUN-400066,STEP-300066,0.0064,SUCCESS,LC-DEFAULT
2026-04-07T09:22:31Z,ResearchAgent-Chain,RUN-400067,STEP-300067,0.0123,SUCCESS,LC-DEFAULT
2026-04-07T10:19:39Z,ResearchAgent-Chain,RUN-400068,STEP-300068,0.0093,SUCCESS,LC-DEFAULT
2026-04-07T16:26:30Z,ResearchAgent-Chain,RUN-400069,STEP-300069,0.0185,SUCCESS,LC-DEFAULT
2026-04-07T11:53:58Z,ResearchAgent-Chain,RUN-400070,STEP-300070,0.0065,SUCCESS,LC-DEFAULT
2026-04-07T15:49:49Z,ResearchAgent-Chain,RUN-400071,STEP-300071,0.0139,SUCCESS,LC-DEFAULT
2026-04-07T16:04:56Z,ResearchAgent-Chain,RUN-400072,STEP-300072,0.002,SUCCESS,LC-DEFAULT
2026-04-07T19:11:35Z,ResearchAgent-Chain,RUN-400073,STEP-300073,0.0192,SUCCESS,LC-DEFAULT
2026-04-07T09:03:24Z,ResearchAgent-Chain,RUN-400074,STEP-300074,0.0196,SUCCESS,LC-DEFAULT
2026-04-07T19:14:25Z,ResearchAgent-Chain,RUN-400075,STEP-300075,0.015,SUCCESS,LC-DEFAULT
2026-04-07T16:25:45Z,ResearchAgent-Chain,RUN-400076,STEP-300076,0.0098,SUCCESS,LC-DEFAULT
2026-04-07T10:57:10Z,ResearchAgent-Chain,RUN-400077,STEP-300077,0.0052,SUCCESS,LC-DEFAULT
2026-04-07T18:16:30Z,ResearchAgent-Chain,RUN-400078,STEP-300078,0.0164,SUCCESS,LC-DEFAULT
2026-04-07T19:15:57Z,ResearchAgent-Chain,RUN-400079,STEP-300079,0.015,SUCCESS,LC-DEFAULT
2026-04-07T12:03:04Z,ResearchAgent-Chain,RUN-400080,STEP-300080,0.0052,SUCCESS,LC-DEFAULT
2026-04-07T20:01:31Z,ResearchAgent-Chain,RUN-400081,STEP-300081,0.0096,SUCCESS,LC-DEFAULT
2026-04-07T14:27:12Z,ResearchAgent-Chain,RUN-400082,STEP-300082,0.0098,SUCCESS,LC-DEFAULT
2026-04-07T16:14:27Z,ResearchAgent-Chain,RUN-400083,STEP-300083,0.0167,SUCCESS,LC-DEFAULT
2026-04-07T20:48:56Z,ResearchAgent-Chain,RUN-400084,STEP-300084,0.014,SUCCESS,LC-DEFAULT
2026-04-07T13:20:18Z,ResearchAgent-Chain,RUN-400085,STEP-300085,0.0132,SUCCESS,LC-DEFAULT
2026-04-07T18:45:28Z,ResearchAgent-Chain,RUN-400086,STEP-300086,0.0133,SUCCESS,LC-DEFAULT
2026-04-07T12:49:14Z,ResearchAgent-Chain,RUN-400087,STEP-300087,0.0061,SUCCESS,LC-DEFAULT
2026-04-07T18:35:26Z,ResearchAgent-Chain,RUN-400088,STEP-300088,0.0081,SUCCESS,LC-DEFAULT
2026-04-07T16:12:31Z,ResearchAgent-Chain,RUN-400089,STEP-300089,0.0019,SUCCESS,LC-DEFAULT
2026-04-07T11:35:46Z,ResearchAgent-Chain,RUN-400090,STEP-300090,0.016,SUCCESS,LC-DEFAULT
2026-04-07T13:58:05Z,ResearchAgent-Chain,RUN-400091,STEP-300091,0.0092,SUCCESS,LC-DEFAULT
2026-04-07T12:48:41Z,ResearchAgent-Chain,RUN-400092,STEP-300092,0.0093,SUCCESS,LC-DEFAULT
2026-04-07T09:56:14Z,ResearchAgent-Chain,RUN-400093,STEP-300093,0.0057,SUCCESS,LC-DEFAULT
2026-04-07T09:21:28Z,ResearchAgent-Chain,RUN-400094,STEP-300094,0.005,SUCCESS,LC-DEFAULT
2026-04-07T13:09:27Z,ResearchAgent-Chain,RUN-400095,STEP-300095,0.0122,SUCCESS,LC-DEFAULT
2026-04-07T09:13:42Z,ResearchAgent-Chain,RUN-400096,STEP-300096,0.0054,SUCCESS,LC-DEFAULT
2026-04-07T10:59:09Z,ResearchAgent-Chain,RUN-400097,STEP-300097,0.0022,SUCCESS,LC-DEFAULT
2026-04-07T17:42:07Z,ResearchAgent-Chain,RUN-400098,STEP-300098,0.0156,SUCCESS,LC-DEFAULT
2026-04-07T17:29:49Z,ResearchAgent-Chain,RUN-400099,STEP-300099,0.0082,SUCCESS,LC-DEFAULT
2026-04-07T17:51:46Z,ResearchAgent-Chain,RUN-400100,STEP-300100,0.0082,SUCCESS,LC-DEFAULT
2026-04-07T12:48:21Z,ResearchAgent-Chain,RUN-400101,STEP-300101,0.0092,SUCCESS,LC-DEFAULT
2026-04-07T19:40:48Z,ResearchAgent-Chain,RUN-400102,STEP-300102,0.0165,SUCCESS,LC-DEFAULT
2026-04-07T16:07:33Z,ResearchAgent-Chain,RUN-400103,STEP-300103,0.0071,SUCCESS,LC-DEFAULT
2026-04-07T10:30:44Z,ResearchAgent-Chain,RUN-400104,STEP-300104,0.0154,SUCCESS,LC-DEFAULT
2026-04-07T10:43:28Z,ResearchAgent-Chain,RUN-400105,STEP-300105,0.0189,SUCCESS,LC-DEFAULT
2026-04-07T17:19:01Z,ResearchAgent-Chain,RUN-400106,STEP-300106,0.0136,SUCCESS,LC-DEFAULT
2026-04-07T11:04:31Z,ResearchAgent-Chain,RUN-400107,STEP-300107,0.0092,SUCCESS,LC-DEFAULT
2026-04-07T15:05:15Z,ResearchAgent-Chain,RUN-400108,STEP-300108,0.0152,SUCCESS,LC-DEFAULT
2026-04-07T20:54:04Z,ResearchAgent-Chain,RUN-400109,STEP-300109,0.0097,SUCCESS,LC-DEFAULT
2026-04-07T09:02:53Z,ResearchAgent-Chain,RUN-400110,STEP-300110,0.0089,SUCCESS,LC-DEFAULT
2026-04-07T09:11:56Z,ResearchAgent-Chain,RUN-400111,STEP-300111,0.011,SUCCESS,LC-DEFAULT
2026-04-07T20:55:01Z,ResearchAgent-Chain,RUN-400112,STEP-300112,0.007,SUCCESS,LC-DEFAULT
2026-04-07T16:00:56Z,ResearchAgent-Chain,RUN-400113,STEP-300113,0.003,SUCCESS,LC-DEFAULT
2026-04-07T10:31:22Z,ResearchAgent-Chain,RUN-400114,STEP-300114,0.0089,SUCCESS,LC-DEFAULT
2026-04-07T19:46:03Z,ResearchAgent-Chain,RUN-400115,STEP-300115,0.0034,SUCCESS,LC-DEFAULT
2026-04-07T19:33:52Z,ResearchAgent-Chain,RUN-400116,STEP-300116,0.0088,SUCCESS,LC-DEFAULT
2026-04-07T15:26:03Z,ResearchAgent-Chain,RUN-400117,STEP-300117,0.0116,SUCCESS,LC-DEFAULT
2026-04-07T16:27:41Z,ResearchAgent-Chain,RUN-400118,STEP-300118,0.0187,SUCCESS,LC-DEFAULT
2026-04-07T12:16:41Z,ResearchAgent-Chain,RUN-400119,STEP-300119,0.0017,SUCCESS,LC-DEFAULT
2026-04-07T09:36:22Z,ResearchAgent-Chain,RUN-400120,STEP-300120,0.0128,SUCCESS,LC-DEFAULT
2026-04-07T16:08:05Z,ResearchAgent-Chain,RUN-400121,STEP-300121,0.0097,SUCCESS,LC-DEFAULT
2026-04-07T12:32:13Z,ResearchAgent-Chain,RUN-400122,STEP-300122,0.0014,SUCCESS,LC-DEFAULT
2026-04-07T16:57:48Z,ResearchAgent-Chain,RUN-400123,STEP-300123,0.0057,SUCCESS,LC-DEFAULT
2026-04-07T19:02:05Z,ResearchAgent-Chain,RUN-400124,STEP-300124,0.0033,SUCCESS,LC-DEFAULT
2026-04-07T09:13:04Z,ResearchAgent-Chain,RUN-400125,STEP-300125,0.0051,SUCCESS,LC-DEFAULT
2026-04-07T16:08:54Z,ResearchAgent-Chain,RUN-400126,STEP-300126,0.0062,SUCCESS,LC-DEFAULT
2026-04-07T11:46:31Z,ResearchAgent-Chain,RUN-400127,STEP-300127,0.0086,SUCCESS,LC-DEFAULT
2026-04-07T19:29:11Z,ResearchAgent-Chain,RUN-400128,STEP-300128,0.0111,SUCCESS,LC-DEFAULT
2026-04-07T12:02:38Z,ResearchAgent-Chain,RUN-400129,STEP-300129,0.001,SUCCESS,LC-DEFAULT
2026-04-07T16:19:45Z,ResearchAgent-Chain,RUN-400130,STEP-300130,0.0041,SUCCESS,LC-DEFAULT
2026-04-07T15:38:32Z,ResearchAgent-Chain,RUN-400131,STEP-300131,0.0028,SUCCESS,LC-DEFAULT
2026-04-07T13:45:14Z,ResearchAgent-Chain,RUN-400132,STEP-300132,0.0114,SUCCESS,LC-DEFAULT
2026-04-07T17:07:53Z,ResearchAgent-Chain,RUN-400133,STEP-300133,0.0073,SUCCESS,LC-DEFAULT
2026-04-07T17:42:33Z,ResearchAgent-Chain,RUN-400134,STEP-300134,0.0114,SUCCESS,LC-DEFAULT
2026-04-07T15:48:11Z,ResearchAgent-Chain,RUN-400135,STEP-300135,0.0052,SUCCESS,LC-DEFAULT
2026-04-07T18:06:03Z,ResearchAgent-Chain,RUN-400136,STEP-300136,0.0015,SUCCESS,LC-DEFAULT
2026-04-07T20:48:03Z,ResearchAgent-Chain,RUN-400137,STEP-300137,0.0189,SUCCESS,LC-DEFAULT
2026-04-07T14:01:52Z,ResearchAgent-Chain,RUN-400138,STEP-300138,0.0031,SUCCESS,LC-DEFAULT
2026-04-07T15:10:29Z,ResearchAgent-Chain,RUN-400139,STEP-300139,0.0034,SUCCESS,LC-DEFAULT
2026-04-07T09:08:58Z,ResearchAgent-Chain,RUN-400140,STEP-300009,0.0038,SUCCESS,LC-DEFAULT
2026-04-07T18:33:08Z,ResearchAgent-Chain,RUN-400141,STEP-300008,0.0196,SUCCESS,LC-DEFAULT
2026-04-07T15:14:33Z,ResearchAgent-Chain,RUN-400142,STEP-300007,0.0127,SUCCESS,LC-DEFAULT
2026-04-07T13:53:43Z,ResearchAgent-Chain,RUN-400143,STEP-300006,0.0126,SUCCESS,LC-DEFAULT
2026-04-07T10:07:43Z,ResearchAgent-Chain,RUN-400144,STEP-300005,0.0197,SUCCESS,LC-DEFAULT
2026-04-07T19:40:33Z,ResearchAgent-Chain,RUN-400145,STEP-300004,0.0027,SUCCESS,LC-DEFAULT
2026-04-07T13:44:24Z,ResearchAgent-Chain,RUN-400146,STEP-300003,0.0195,SUCCESS,LC-DEFAULT
2026-04-07T17:11:27Z,ResearchAgent-Chain,RUN-400147,STEP-300002,0.0049,SUCCESS,LC-DEFAULT
2026-04-07T10:47:32Z,ResearchAgent-Chain,RUN-400148,STEP-300001,0.0128,SUCCESS,LC-DEFAULT
2026-04-07T20:32:18Z,ResearchAgent-Chain,RUN-400149,STEP-300000,0.009,SUCCESS,LC-DEFAULT
